degree,mse,r2
1,7.926802131289305,0.9919830577242754
2,30.06847962469953,0.9695895947095114
3,14122.227908045894,-13.28281974
4,83479611.48741399,-84427.9053
